ppid	session	object	feedback	eye	vertical	symmetry	efrc3d_X	efrc3d_Y	efrc3d_Z	first_gaze3d_X	first_gaze3d_Y	first_gaze3d_Z	final_gaze3d_X	final_gaze3d_Y	final_gaze3d_Z
10	1	oben_asym	cursor	L	high	asym	0.062395599336571114	0.4220626049175207	0.013437223439814829	0.011247500604612722	0.6876904616979358	0.02415026172721063	0.07780780883828457	0.5002126114792932	0.023628400207840104
10	1	mitte_sym	cursor	L	middle	sym	0.0036454650668233664	0.2540122456244585	0.01292311042638911	-0.011720317208670035	0.5959790621183327	0.026101389338514705	-0.0017606648661756795	0.3433241143313661	0.0022352795371334113
10	1	mitte_asym	cursor	L	middle	asym	-0.16326314823573645	0.24938027484965572	0.02894078044689164	0.041467690515741375	0.6461128304548501	0.03783905488789473	-0.14071986291714436	0.3131523465430529	0.02571321208404629
10	1	unten_sym	cursor	L	low	sym	-0.0021609915846685385	0.08858016643923425	0.01027628642961841	0.0021746215078679606	0.6496353153338985	0.14392211602382768	0.008738256445317595	0.204347324469865	-0.009945126630134315
10	1	unten_asym	cursor	L	low	asym	0.15408616976410988	0.09223407096106206	0.014182872400657272	0.03130479764145936	0.6899066370851809	0.036051372801004476	0.15071080533041153	0.2564080545820866	0.0006865179940277825
10	1	oben_sym	cursor	L	high	sym	-0.0026468638899838034	0.4115704785692602	0.023036235429838108	0.02853156273214355	0.6503396789548535	0.03175645957868758	0.0014916498688660525	0.49259701959154367	0.005712374206518297
11	1	oben_asym	cursor	L	high	asym	0.008517072855445777	0.36491572408529876	0.017063856876039382	-0.052082494573167756	0.39166743022083067	-0.012069923892225994	-0.004892338712533303	0.4924646731193379	0.0017228227936333701
11	1	mitte_sym	cursor	L	middle	sym	-0.004843889171165205	0.3361437568499704	0.04457148511387145	0.04028756898035753	0.516060760317478	-0.025827167475395985	-0.006394220521085308	0.43162412442093345	0.005283201595748605
11	1	mitte_asym	cursor	L	middle	asym	-0.02205128900199951	0.3284563888149456	0.03299226696456039	0.03576734097426669	0.5071338185546863	-0.04199006840212949	-0.04786374403618313	0.3670251352129225	-0.05095371243665911
11	1	unten_sym	cursor	L	low	sym	-0.007021990443895066	0.2660699201962764	0.002041026518029848	-0.00048781982480736765	0.48151506953788226	0.030063158919190307	-0.008533047743264556	0.425571453034212	-0.01753740144675906
11	1	unten_asym	cursor	L	low	asym	0.09392968374123382	0.2503570485808426	0.017290933029014664	0.08135285454922521	0.524229762873681	0.04475305465723401	0.060105107956512985	0.3776214487246254	0.034593274490312624
11	1	oben_sym	cursor	L	high	sym	0.023757779353046418	0.3709443267400867	0.051524030608506806	-0.026549997437293606	0.44715823540611793	0.1166687892544304	-0.009253969987138592	0.45645031954212784	0.00802282087790511
12	2	oben_asym	cursor	L	high	asym	0.018985719961739422	0.3614044920732288	0.01303706527465239	-0.0034547500206621724	0.7223398429628128	0.018251964767397842	0.000367511267182266	0.39992611776849435	-0.007887091807989724
12	2	mitte_sym	cursor	L	middle	sym	-0.00805098468194867	0.3561857686999523	-0.00483402441350498	0.007980115308779531	0.7211129310137325	-0.008289706855505655	0.009560997365225888	0.3291830574773836	-0.01570745827243626
12	2	mitte_asym	cursor	L	middle	asym	-0.003444812291638899	0.3016380961502867	0.009132230078193644	0.03468910973563461	0.7128438421956185	-0.008938655587779601	-0.03186142161326735	0.3056023016753266	0.003333187702962264
12	2	unten_sym	cursor	L	low	sym	0.00706601045098335	0.23553086469951565	0.018712242176106845	-0.005420346276956929	0.7382158228693446	-0.013937815219558095	0.010297581796819923	0.2658114692835362	0.01624884819922514
12	2	unten_asym	cursor	L	low	asym	0.06439215531646143	0.23647329802470357	-0.0004805815785045722	-0.003526452764236669	0.7568059871104845	0.004441322683133607	0.03352711703770184	0.22974443668678157	0.011588413893025
12	2	oben_sym	cursor	L	high	sym	-0.008423384185556531	0.37969706487659555	0.022810013343311782	-0.004883872019582617	0.7244274509271674	-0.016172236358205194	0.00019913709845981233	0.37000188339707857	0.029461867226044644
13	2	oben_asym	cursor	L	high	asym	0.013957484886306624	0.45586323054240185	0.008112132423652269	0.011926612460707755	0.8577881907963582	-0.02045265666931855	0.011936367227641551	0.5070243208524725	0.003757529382146775
13	2	mitte_sym	cursor	L	middle	sym	0.003397754819045142	0.3333017501688186	-0.005117062511323312	-0.001067082674412785	0.8502464402584035	-0.037497512078556165	0.011323574482421142	0.3991720107204702	-0.0017210001921558963
13	2	mitte_asym	cursor	L	middle	asym	-0.04802487415963675	0.3303707953705628	-0.010163214473221459	-0.015297362417304887	0.8609215215507409	-0.061567581434088435	-0.02580640952152322	0.39415743095352923	0.001160922282947891
13	2	unten_sym	cursor	L	low	sym	0.0019251445786554427	0.19500342846676047	-0.022215492933284064	0.012799727313487694	0.8460019999596208	-0.05576307871198028	0.005048413385510183	0.29250411747858046	-0.0002771805316314078
13	2	unten_asym	cursor	L	low	asym	0.057868065539342886	0.22014800909374369	-0.0054871786808801185	0.014472882791743056	0.8428104738241341	-0.03803050213615205	0.04934778257724444	0.28678036379498134	0.010092120758936136
13	2	oben_sym	cursor	L	high	sym	-0.0016433016988545576	0.43557591728197714	-0.0072978088971776805	-0.007694747347763989	0.8581339133041901	-0.03142353956052638	-0.0022970909099406874	0.505769902852041	0.01259843268486241
14	3	oben_asym	cursor	L	high	asym	0.010036956957898819	0.2027704466331543	-0.008452469642346602	-0.009107768772921389	0.860542591608998	-0.040161769521581625	0.00496183975879332	0.45587919600546134	0.005496537824342293
14	3	mitte_sym	cursor	L	middle	sym	-0.005249561875295899	0.17336464981257543	0.02343285691249331	0.004203346249515217	0.8609675150885422	-0.027067155829831185	0.0014034003343956832	0.41427350396463103	0.013816690904132872
14	3	mitte_asym	cursor	L	middle	asym	-0.005447765009059687	0.20255732530632004	0.00813770798982405	0.020244556568534265	0.8592077461572548	-0.014132795830939883	-0.018492278223223798	0.41887453829376947	-0.0038666711336844415
14	3	unten_sym	cursor	L	low	sym	-0.02203638995142457	0.10809711927923513	0.0449379663011176	-0.018839633286981433	0.84864333977049	-0.0513036770294293	0.006448108875854306	0.30280699091702	-0.0016564750817215966
14	3	unten_asym	cursor	L	low	asym	0.04847813004362276	0.10398997140136525	0.005362309513964622	-0.023504177422549722	0.8563240798529063	-0.040265592566061506	0.014675340463549777	0.33781814836797586	0.025455313559377076
14	3	oben_sym	cursor	L	high	sym	0.0146662134581826	0.17628677885571137	0.007229354243138361	-0.02249301458515386	0.8160336072670877	-0.022500077021641134	-0.002736909907579061	0.45224092595087073	0.008957976257410571
15	1	oben_asym	cursor	L	high	asym	0.0031520792602192397	0.22492447178093872	0.037717746528978295	-0.05454875768198701	0.5655414142424441	-0.28964067909037244	-0.0034300194427565205	0.32632468665619474	0.038284894943593044
15	1	mitte_sym	cursor	L	middle	sym	0.002106976491545072	0.18615194937580065	-0.012091226667509168	0.020608361509058187	0.7175157868111376	-0.00665622370292199	-0.01897155959226427	0.30687600475288074	-0.031809484963130505
15	1	mitte_asym	cursor	L	middle	asym	-0.042891266845938296	0.23823510451493368	0.00326447732995114	0.08533472609367224	0.6547205439132712	-0.0020689608312648017	-0.024543016161216596	0.3656006395342035	-0.0027964861667223433
15	1	unten_sym	cursor	L	low	sym	0.012498782126024666	0.11459477607288927	0.024140910557606775	-0.03931398514196682	0.6908212629143389	0.016167259446767536	0.005913188773982018	0.2381488198110072	0.011939881759503636
15	1	unten_asym	cursor	L	low	asym	0.08187153919204201	0.07379436161343042	0.04041901015875836	-0.014966540871116558	0.6216894211859111	-0.054842751995702405	0.05578924536408296	0.21986062642443985	0.03935531200692535
15	1	oben_sym	cursor	L	high	sym	0.022926501195348732	0.26949194652907227	-0.036825075799906064	-0.011464935076715808	0.7087824956186738	-0.01721829594851532	0.012758029618061476	0.40005315030843863	0.0028042391960946852
16	1	oben_asym	cursor	L	high	asym	0.03956683021543138	0.14495646151415773	0.05135692535108443	-0.007568580951487108	0.7240772000438829	-0.056527804516146044	0.011104869570662963	0.4299912294130425	-0.02010801108379375
16	1	mitte_sym	cursor	L	middle	sym	-0.003302008507026625	0.1756601852678066	0.01530263186412648	-0.001787058585151831	0.6238148765710712	0.03669451608849553	-0.0003136830324594477	0.353554803901819	0.04075172654470939
16	1	mitte_asym	cursor	L	middle	asym	-0.013431947163944092	0.11703792753033868	0.013012976424110794	-0.03778409317791142	0.7656663142058532	-0.05928551218193164	-0.0302680344851668	0.3869024432856791	0.027603032067277895
16	1	unten_sym	cursor	L	low	sym	0.001507863382197569	0.036033358160318704	-0.011279458880542704	-0.03990503735826893	0.7823639433912921	-0.04656753869956669	0.03372176418854053	0.27118899717367484	-0.007919122131739214
16	1	unten_asym	cursor	L	low	asym	0.06632579939692936	0.046637024460671514	0.017262506136584855	0.006428826570890329	0.7611934409054968	-0.05879805651907631	0.02393257869557922	0.33360548487293634	0.03200623685562505
16	1	oben_sym	cursor	L	high	sym	0.008176221710349017	0.12567250770147018	0.024036741814425784	-0.02672382462620645	0.6399383036890693	-0.05142019984024687	0.0032951053762955355	0.41042889594476534	-0.001990617678847905
18	2	oben_asym	cursor	L	high	asym	0.016085024680833438	0.3253060507549483	0.0023045038719255004	-0.03295462497629692	0.7971113021925672	-0.08942406877782667	0.037006447295724866	0.49202698909289	0.01670007323047379
18	2	mitte_sym	cursor	L	middle	sym	0.0026350577860419036	0.2028503321208527	0.021024458311838485	-0.0012218433598118637	0.7940064403965214	-0.06875151734086084	-0.001717500164291813	0.44346695077057435	0.019117580051206572
18	2	mitte_asym	cursor	L	middle	asym				-0.012307174318032658	0.7988701464223034	-0.0624564250348277	-0.0901709899009699	0.38012427595744647	0.02418019688662737
18	2	unten_sym	cursor	L	low	sym	0.001833185250218308	0.12462373369111526	0.015519276477589114	-0.031149520598927005	0.7793011542271308	-0.05765142590690479	0.001191021210629646	0.4060413234848899	-0.006648070709505514
18	2	unten_asym	cursor	L	low	asym	0.08444827656491984	0.1297363912811474	0.0012460475867699116	-0.005224108062948959	0.7895903808337675	-0.05761723629390279	0.0587460548829105	0.30906003760038536	-0.0384265897357948
18	2	oben_sym	cursor	L	high	sym	0.013560453384304911	0.2995128203802117	0.0044350182812011975	-0.03080340661532729	0.7997985731306506	-0.0612684342158049	0.031016670116314978	0.6164194841492732	0.016420922444362156
19	2	oben_asym	cursor	L	high	asym	0.009563583563855336	0.3279525721200649	0.015309695360569335	0.01406860679138713	0.7201336990568609	0.10322770308366434	0.011930982250243102	0.4967263508630169	0.003735200578679461
19	2	mitte_sym	cursor	L	middle	sym	-0.010383113001329287	0.21689487421802608	0.002228699596383723	0.0017144544930059891	0.7219371899236421	0.07245784715413113	-0.0021498420347979756	0.40429886662100534	0.010639750089113043
19	2	mitte_asym	cursor	L	middle	asym	-0.036719362908671324	0.23028271355942004	-0.006270910551921495	0.0043767159863731106	0.7197285873174916	0.11736600355050159	-0.03991856476050698	0.4228203172893646	-0.005457362869349046
19	2	unten_sym	cursor	L	low	sym	0.011912227009156213	0.03455123808834785	0.02957836750240247	0.04074195370706641	0.7210436494855942	0.10697249752487685	0.007649312917242936	0.2558644279165968	-0.013474822063904351
19	2	unten_asym	cursor	L	low	asym	0.06920671305255627	0.10473157467127331	-0.0013400439656208905	-0.016192750646397438	0.7241425204748096	0.09770958260224955	0.05133488878158251	0.4174260525052071	-0.031067536278154426
19	2	oben_sym	cursor	L	high	sym	-0.003552437809894927	0.31750687958958773	-0.009302783524693417	0.04457766273833128	0.721379833167365	0.09894441178117261	-0.0037093438975238386	0.5011759287401539	-0.014289843019186555
1	3	oben_asym	cursor	L	high	asym	0.004712795863993468	0.3828842662921873	0.003101223367117796	-0.017686812139876402	0.6645271238628281	0.03950322657557716	-0.00986109995439842	0.4392570075397122	-0.0036025987527104793
1	3	mitte_sym	cursor	L	middle	sym	-0.002763076542773009	0.32640768711485896	-0.0232687081182406	0.010085275564443604	0.6807005368543023	0.06569703216634776	-0.003928157383196771	0.3790438241979653	-0.02649306126540826
1	3	mitte_asym	cursor	L	middle	asym	-0.025000570348695583	0.3149922851503364	0.0009117277347195919	-0.03608278835513217	0.6813691114525391	0.024170551055303618	-0.018885458122567762	0.3676947219961277	-0.022363626704208633
1	3	unten_sym	cursor	L	low	sym	-0.003629922575671103	0.22867218197659048	-0.015560356092105277	-0.027406885806524697	0.6730754810833542	0.00860692505073537	-0.001721988354469381	0.2863899940701339	-0.0033153248595349655
1	3	unten_asym	cursor	L	low	asym	0.02839199336328956	0.2204532228712245	0.005457965020237937	0.01402426643127911	0.6701037420996203	-0.0012493947676033928	0.01730465932389291	0.25036889390088185	-0.011032541153844912
1	3	oben_sym	cursor	L	high	sym	-0.005635915321448961	0.40358751288197453	-0.0006868810242986597	0.01935799162374376	0.6853485427104077	0.054490904549806804	0.0033229512479453324	0.42826566815947587	-0.019247719893957873
20	3	oben_asym	cursor	L	high	asym	-0.0037040446626665476	0.4237753007638693	0.0321758490272755	-0.018473704122251577	0.7521525165189265	-0.04569791127741172	-0.005154147156180021	0.5006034426321355	0.01478446763629507
20	3	mitte_sym	cursor	L	middle	sym	0.0024612269534730873	0.35423122620380515	0.023467061261528078	-0.010841228573018408	0.7580009045682815	-0.036710060456762	0.010109495234213686	0.4531472822071872	0.01077254712233707
20	3	mitte_asym	cursor	L	middle	asym	-0.00368397399534035	0.3673942266100556	0.005762614667288463	-0.021398141276040117	0.7530572663325984	-0.05026780926033625	-0.014810403887236355	0.45232806893424465	0.0023043837524274777
20	3	unten_sym	cursor	L	low	sym	-0.003909102029832928	0.3248822578576442	0.016913526881245845	-0.025970032923700898	0.7528704492218234	-0.08477109348592599	-0.003718070716395972	0.4419148394942767	0.0010316641440748467
20	3	unten_asym	cursor	L	low	asym	0.02318351471567966	0.34927887394894996	0.007687450351135284	-0.03163238093689444	0.752049154978903	-0.06321127957626972	0.01608451627270542	0.43910590485538264	0.011175177306905745
20	3	oben_sym	cursor	L	high	sym	0.003937995314023176	0.4187767956699046	0.03412795859059131	-0.02858992484578495	0.7548587504763998	-0.04065627476693061	0.010452532168143853	0.4928145972431319	0.018269448673288394
21	1	oben_asym	cursor	L	high	asym	-0.014069936419500648	0.3550683155249361	-0.026877081082692964	0.014211642087326587	0.7278032222324028	0.011119103375956292	0.004117841024898408	0.38595743414473566	0.0104803981783308
21	1	mitte_sym	cursor	L	middle	sym	-0.004244334572164515	0.2884165065586993	-0.004590776395518735	-0.011090423465630614	0.7246188570533872	-0.0037717729727031846	0.009052650844779112	0.2890721588965337	0.00819264062715823
21	1	mitte_asym	cursor	L	middle	asym	-0.025920247855832967	0.2797060826228512	-0.004915568972725729	-4.3315674363872125e-05	0.7285699960480845	0.0329141106086914	-0.012910634991711361	0.30323898021941476	-0.013133981193207448
21	1	unten_sym	cursor	L	low	sym	0.009365172582050087	0.16352562277946667	-0.0008337276385047041	0.01348179193496726	0.7309533207424068	0.021105850670914406	0.00989829025696777	0.17644634931076678	-0.02521265438883563
21	1	unten_asym	cursor	L	low	asym	0.03717146315832717	0.16286477001198957	0.02461473098750226	0.03396527509086849	0.7271460190029159	0.010846527148938809	0.0406187131418475	0.13806453646859637	0.022169436528230814
21	1	oben_sym	cursor	L	high	sym	0.0014445001328636576	0.3659478750242566	-0.003104778726335648	0.0029371373688751746	0.7274163135551861	0.024931300784425358	0.003529858189520925	0.4006700064172314	-0.012504449227008992
22	1	oben_asym	cursor	L	high	asym	0.007156879585841647	0.29635109099961715	0.01672153885997661	-0.03563781979688539	0.7664466891180993	0.03406824277572879	0.01819458342885625	0.4085349787908642	0.017762598715673893
22	1	mitte_sym	cursor	L	middle	sym	0.02264879813140619	0.22537942644756023	-0.03793304228532847	-0.00238225025493455	0.7230605266328118	-0.05196829543101822	0.0014676486547374557	0.4706703545102025	-0.005518243595751733
22	1	mitte_asym	cursor	L	middle	asym	-0.0325554113004375	0.26110038416516973	-0.00839309221710294	-0.04482582004180371	0.7206183722023127	-0.037306555013555474	-0.004436486459475742	0.4018536088886087	-0.0005873416112533995
22	1	unten_sym	cursor	L	low	sym	0.0045611125547978726	0.21967612954662538	-0.02552832636579727	-0.030502753104660038	0.7648250859899162	-0.012473086358900641	0.009972123695457238	0.5312799535837011	0.015765392692811332
22	1	unten_asym	cursor	L	low	asym	0.019824927806550614	0.21909299477540017	0.03648047823434859	-0.0038069193681292807	0.7608874447064377	0.002625815492698721	-0.004674497181917481	0.28611638260106836	0.044834710689432185
22	1	oben_sym	cursor	L	high	sym	0.052825339240100674	0.20491191604047396	0.01498426326712697	-0.010197952928464652	0.7271611824728931	-0.07010291075083698	-0.003550514208480966	0.3679249026726059	0.01726049787163658
23	2	oben_asym	cursor	L	high	asym	0.00543759137163276	0.44273477437869374	-0.027844142586365448	-0.080353243438167	0.7442195709238512	0.10939471584947699	0.003015500942219693	0.45625848807024877	-0.019773534109052616
23	2	mitte_sym	cursor	L	middle	sym	0.003138420791755682	0.3092333660436	-0.030645647333103116	0.03581926718955656	0.7641399337088655	0.04971237533573888	0.008259923589606368	0.3207381778539697	-0.022966228717895328
23	2	mitte_asym	cursor	L	middle	asym	-0.023496964377594607	0.3078441134786883	-0.01976791178222331	-0.05992413610952429	0.684899017186589	-0.023989338882787935	-0.005398622053131456	0.33106901052420773	-0.006732439699105378
23	2	unten_sym	cursor	L	low	sym	-0.016430652260021873	0.16860895717855973	-0.05293670065900077	0.057926942761481026	0.6363284059222782	0.024589022972517513	-0.010147089800125826	0.19149132300588775	-0.038500791081489565
23	2	unten_asym	cursor	L	low	asym	0.032311464787797735	0.1707529417180939	-0.031331842012530274	0.08836620465812312	0.7260333771343821	0.06830562059177943	0.04167099974299651	0.17038492594482255	0.03686126278046404
23	2	oben_sym	cursor	L	high	sym	-0.022544038274385305	0.44816462523352235	-0.020730815947677395	0.015463464221935348	0.6650884723818229	0.03560572024187766	-0.015050355244658548	0.45300096597904216	-0.02103749463008885
24	3	oben_asym	cursor	L	high	asym	0.007333341423557129	0.3618764854556445	-0.0033382851980364907	-0.006236107381993563	0.6564094304640088	0.0038380839807156245	-0.03436084412945197	0.412829110710997	-0.03665776642116183
24	3	mitte_sym	cursor	L	middle	sym	0.006269234175899745	0.3478345913168002	-0.03005921070607658	-0.014654903103874135	0.6463480510667424	-0.009977555623743669	0.0017315553031388429	0.3913636830354877	0.008431158938217982
24	3	mitte_asym	cursor	L	middle	asym	-0.007151841933130524	0.3339619489109045	-0.001711676478689109	0.00728258303331608	0.6451959239373818	0.0012240079078147128	0.008591882505955033	0.3734592521432478	0.0005635806722889218
24	3	unten_sym	cursor	L	low	sym	-0.0010483513119761546	0.2966239861711246	-0.021675146186727397	0.019615256857980188	0.6417323093235126	0.032978001519754635	0.004949699979827357	0.35508009650606653	-0.02284549004704518
24	3	unten_asym	cursor	L	low	asym	0.023247191139558775	0.2682300431689154	-0.0013405952549161379	-0.0014138406470333277	0.6246916155513454	-0.028433779915743362	0.03129047576780834	0.3178687594449266	-0.029810952006136357
24	3	oben_sym	cursor	L	high	sym	-0.010328775426024065	0.32412228471691007	-0.0067987946159897995	-0.011647534245149003	0.6452178543235669	-0.009631233629544978	0.004463899995775619	0.39187310302863926	-0.04456526077150982
25	1	oben_asym	cursor	L	high	asym	0.036866303777527774	0.24724658689538173	-0.00782476410094099	-0.011332091789482994	0.709729767033678	-0.04847946989911094	-0.0046552290701109495	0.3164108629394684	0.028835071631707624
25	1	mitte_sym	cursor	L	middle	sym	0.01876834736836683	0.28677184819645	-0.029017347334459237	-0.029099188356670132	0.7206118488156945	-0.04031822900070732	0.03043832800692541	0.31560187559501773	0.0026744287659552367
25	1	mitte_asym	cursor	L	middle	asym	0.007771866403019737	0.29210158754528337	-0.026201662924236056	-0.005890932518696442	0.7030671764569826	-0.055333640959236846	0.001755190190248832	0.3789339691705006	0.009729249713455493
25	1	unten_sym	cursor	L	low	sym	-0.01795057029662994	0.19304956653674737	-0.01949125317128514	0.0003458968476034724	0.7120109527115163	-0.07536629115159636	0.0029198795869239476	0.28950112136314043	0.02174075226039468
25	1	unten_asym	cursor	L	low	asym	0.024385685025377395	0.16455203445748834	-0.02637380457022833	-0.03360063212572306	0.7154132022128751	0.017006084261378947	0.0375427073172691	0.20382115741228363	0.006270840501135687
25	1	oben_sym	cursor	L	high	sym	0.002224839297992392	0.3216344688835198	0.014926314096289686	-0.008458705849150233	0.6919666012177227	-0.0440524150416469	0.010942903295160743	0.40774677673775633	0.04227175061361139
2	2	oben_asym	cursor	L	high	asym	0.009659163365748895	0.41218732453357837	0.0017457458568998253	-0.020668170640024658	0.6624902918482098	0.08695802534341503	0.0026870164160248495	0.4778831742891173	0.024057649088962636
2	2	mitte_sym	cursor	L	middle	sym	-0.012437357602647837	0.2711081901431392	-0.008064684209872358	0.025441142975879853	0.6715639024616407	0.11841435591283943	-0.0005577284060484674	0.34399534011544686	-0.0058758311037505236
2	2	mitte_asym	cursor	L	middle	asym	-0.010733384231756068	0.28627206518268644	0.00010657940335515014	0.06160440624391659	0.6606040927707076	0.035733584742945926	-0.017276447171619674	0.3500498450965097	-0.0017914775096941173
2	2	unten_sym	cursor	L	low	sym	-0.008942220779149218	0.17111257275108605	-0.028081918130173276	0.039836832251497555	0.6571708648773915	0.07243532595766959	-0.024066237527670526	0.2827066948049087	-0.0018833760539532292
2	2	unten_asym	cursor	L	low	asym	0.025283873724370885	0.1722757144407143	0.02777158236147349	0.0016534300088240645	0.6689733116487628	0.08905199682704025	0.015025986152912642	0.2690216232006034	0.01767835561093128
2	2	oben_sym	cursor	L	high	sym	0.01027810559215639	0.4002587539128633	0.009659309396300641	-0.028836968227840036	0.6677277260740688	0.04631788068337343	0.007105187585977731	0.4709001986749265	0.02105941394028774
3	1	oben_asym	cursor	L	high	asym	-0.04180968293663323	0.29042284488784137	0.02528188148145958	-0.046930666639916664	0.7275333146977706	0.12725807069059164	0.0145780546765766	0.38819621885750727	0.010755518598070717
3	1	mitte_sym	cursor	L	middle	sym	0.003495182228868647	0.2701392949482057	-0.03287757669960672	0.05207819992213791	0.7425845828086415	0.04958966207203255	0.01013172109179599	0.38109334138258183	0.01952816143654029
3	1	mitte_asym	cursor	L	middle	asym	-0.03484901610008979	0.3125362739043073	-0.017615280987376938	0.03524093685641756	0.7424690039768658	0.05325148443969548	-0.012650803506601242	0.42592954586805243	-0.0045579162591183634
3	1	unten_sym	cursor	L	low	sym	0.012154232775064562	0.20934246230900808	-0.012687089523095467	0.010738946365715745	0.7608566376047575	0.12291693043206503	0.0032968943272177103	0.3566319529964345	-0.00419609289199328
3	1	unten_asym	cursor	L	low	asym	0.048865432703495526	0.17496695123155734	0.009290241617015877	-0.0007725407486458609	0.7741748678368907	0.08605219374719372	0.03907751686087512	0.38641186401930755	-0.0028538059815389314
3	1	oben_sym	cursor	L	high	sym	-0.022839355264607397	0.32712105951112885	-0.011448343060122185	0.014592975712485823	0.7478770783919284	0.09585301711842868	-0.012623681949106883	0.4671486293156482	0.0184618417694503
4	3	oben_asym	cursor	L	high	asym	0.007540038320539551	0.40160652887827153	0.006194303164720754	0.0035788499894659855	0.7184873658069024	0.04310268655464262	0.0015009043732853733	0.4680752622764949	0.01534508463647295
4	3	mitte_sym	cursor	L	middle	sym	-0.00137525901537023	0.30207863128037227	-0.01238304302946813	0.04492374295024293	0.6614258399840399	0.07414013634934845	-0.004449049699039204	0.37616221010384365	-0.01761594182022054
4	3	mitte_asym	cursor	L	middle	asym	-0.05248378317668729	0.29730409853240114	-0.01844556259475531	0.015485401012750978	0.7241680978168551	0.018271851990323145			
4	3	unten_sym	cursor	L	low	sym	-8.276759151333792e-05	0.17352447498639148	-0.024769251372776677	0.015862356276525512	0.7273366610134654	0.06804643597121401	-0.02070943440264132	0.34528007542021816	-0.01766908123638327
4	3	unten_asym	cursor	L	low	asym	0.07611912478167764	0.17038474815770677	0.010586003666042862	0.014153123751335499	0.7297058619926666	0.03410592232806184	0.06962779334686758	0.33822340991203115	0.044743156586610024
4	3	oben_sym	cursor	L	high	sym	-0.00011335292492919786	0.4141066639536651	-0.025055592477539027	0.019766319544181624	0.725185547763651	0.05750078414685097	-0.010255383519613708	0.4830468659301553	-0.0004501764533433751
5	1	oben_asym	cursor	L	high	asym	0.0025434540860558505	0.32269489319006456	-0.003363287453988208	0.01631032464023556	0.7175235143718282	-0.013919474508914778	0.002965519995188322	0.49086734354465583	0.021198103764649128
5	1	mitte_sym	cursor	L	middle	sym	0.0027857334292827117	0.15602501807597333	-0.08347002312564453	-0.07103358247809863	0.7174898133808262	-0.05926400017829501	0.01800671383491611	0.31044101552271836	-0.01499971684665646
5	1	mitte_asym	cursor	L	middle	asym	-0.023273092388537774	0.21635397651107216	-0.05667817674577779	-0.005916173705939603	0.7335155290665278	-0.031707106420506	-0.0076011194207708365	0.3107806139141924	-0.0021496560736208674
5	1	unten_sym	cursor	L	low	sym	0.015359983571662421	0.21883402555430245	0.017097232898256678	-0.009999610944769964	0.7476057251267773	-0.015635131128280178	0.008142981686902862	0.33793875199666734	0.0011167733403618296
5	1	unten_asym	cursor	L	low	asym	0.044872127442304816	0.16799178492337097	0.02888643520802371	0.012774969434849563	0.710593580281566	-0.05600932521999989	0.018755872910490735	0.27351902927961	0.0050950323217500496
5	1	oben_sym	cursor	L	high	sym	0.03193622296568166	0.15823079528108433	-0.03129349444427983	0.005857561789399436	0.709569015604388	-0.01052690837897159	-0.015304795234352343	0.3771961729137036	-0.024732337088241654
6	3	oben_asym	cursor	L	high	asym	0.002087016249969295	0.4539370151694806	0.04084734087380103	-0.00026638453210335345	0.6468698862854935	0.012851116051665952	0.0031598333665318274	0.46856701027549624	0.00852397543126562
6	3	mitte_sym	cursor	L	middle	sym	-0.0038006382803183083	0.305930722331116	0.045545887937064926	0.02564418345747865	0.6402219424214617	0.03402188097640344	0.005349543926652731	0.34323049076147877	-0.014143470095658174
6	3	mitte_asym	cursor	L	middle	asym	-0.03978748031891238	0.29595388866651073	0.012579464415727453	-0.019470626346902265	0.6548927171105986	0.046818208823972945	-0.016929612648337897	0.3205176397439771	-0.036917859602962025
6	3	unten_sym	cursor	L	low	sym	0.028977657998455846	0.14785659824294603	0.02891930909200751	-0.021298095314635394	0.6620576479986661	0.007990362089393988	0.009926654283304052	0.17595597453573225	-0.0018848457501895886
6	3	unten_asym	cursor	L	low	asym	0.06917566030799167	0.13771565849168968	0.033134270571482737	0.034686575837410825	0.6411246642286518	0.03163543785991388	0.0627563946766931	0.17432532361974673	0.011104159063854079
6	3	oben_sym	cursor	L	high	sym	0.02264421145960261	0.44494185809963815	0.0149335807714668	0.11663989614946026	0.597597065870266	-0.18085759644240137	0.02437993953286169	0.4790099260474912	0.0024986153085950666
7	2	oben_asym	cursor	L	high	asym	0.0375412628702494	0.44095191063843847	0.029055641713741354	0.12295914945630224	0.7330268770914284	0.13178245709499267	0.004141427079935203	0.5341187710272132	0.019296410886118144
7	2	mitte_sym	cursor	L	middle	sym	0.01355112557750066	0.3274580486439272	-0.009775799469578222	0.03547422199385808	0.8017456527544433	0.00942363304068133	-0.044222869022800634	0.44404982499618884	-0.045353568498662296
7	2	mitte_asym	cursor	L	middle	asym	-0.06398468449130695	0.33224768389309595	-0.00833272238732163	0.04667715532327126	0.7703126141375028	0.06402764083617264	-0.06735726688146419	0.4154877301871522	0.013760509612070574
7	2	unten_sym	cursor	L	low	sym	-0.011229434091274765	0.19488535891681086	-0.004291603801511721	0.06810536992539205	0.752983830186973	0.07768441342051292	0.0035544865849875856	0.3397519268259811	0.0103403141286712
7	2	unten_asym	cursor	L	low	asym	0.06513295866563995	0.19279389651579942	-0.02338556160804217	-0.018332798802046097	0.766237135603656	-0.012526623131083721	0.03669518640971739	0.3475393682381039	0.012998565331376876
7	2	oben_sym	cursor	L	high	sym	-0.007648619806771337	0.4362216868189198	-0.008723617690056685	-0.03197308701006495	0.7664161139316685	0.07393399659242728	-0.006552179489424851	0.5239798487856048	-0.0019401525185829402
8	2	oben_asym	cursor	L	high	asym	0.010031311667178926	0.4152457513082679	-0.013097069415174925	0.017241631678060313	0.8660904766281815	0.04448359133810719	-0.012201985736976796	0.47696978323014516	-0.014134358497677685
8	2	mitte_sym	cursor	L	middle	sym	-0.005697870464274373	0.3251824534930132	-0.0328224644628492	-0.0024981054923253966	0.8488865017711892	0.054291412755197034	0.0027915778151464655	0.38569787636864994	-0.020511313173325618
8	2	mitte_asym	cursor	L	middle	asym	-0.058532806551608696	0.3159200252148023	-0.026275958876920892	-0.0001337482161754479	0.876135001481064	0.06235719267977477	-0.05453085670017057	0.375598494185281	-0.04665419726155365
8	2	unten_sym	cursor	L	low	sym	0.008059818792306803	0.19519223590302764	-0.056848872692335496	0.029000866695380968	0.8752919810974703	0.03077639911773927	-0.00017288785626518158	0.23991163393889448	-0.046010370401748296
8	2	unten_asym	cursor	L	low	asym	0.06593493466054613	0.17513338201950943	-0.024649997124972428	0.021582518657720026	0.86376934532842	0.06344793168719634	0.053080241479386794	0.2519207199320344	-0.02290561985250788
8	2	oben_sym	cursor	L	high	sym	-0.006641871137533071	0.43846203995657745	-0.03244754307809256	-0.0012576622248330815	0.8760875848280649	0.0585484116244529	7.068288027684034e-05	0.5041079016277292	-0.03326191553061722
9	3	oben_asym	cursor	L	high	asym	-0.000668554127236164	0.513128669469757	-0.02374025213445197	0.0042707827637323195	0.7595373366637697	0.045625719210578675	0.004144533995792216	0.5445130794088145	-0.0030964355079293572
9	3	mitte_sym	cursor	L	middle	sym	0.0009136893914155233	0.4984844863896678	-0.006254199074482195	0.007415652871045727	0.7324111159754323	0.08035657362314545	0.00011191388121476381	0.5271968570775926	-0.00805059785061748
9	3	mitte_asym	cursor	L	middle	asym	-0.006884065706909527	0.511227291788915	-0.0024790647871565934	-0.002263581500567873	0.7192049698583403	-0.010456790580412961	-0.004523852873877259	0.5448367927164153	0.005804678825749775
9	3	unten_sym	cursor	L	low	sym	-0.002693297730409475	0.48934919397713217	-0.019788421690499613	0.013728007973932413	0.7401721469363186	0.03359815402695496	0.0034564795438546104	0.5283786964336622	-0.01495292018452289
9	3	unten_asym	cursor	L	low	asym	-0.0065161608443527	0.5000317045620627	-0.016229979818985267	0.010287984463913536	0.7608694666704516	0.04239573808629446	0.000881671529705803	0.5317197319884582	-0.0034381939947016596
9	3	oben_sym	cursor	L	high	sym	-0.005475277787182403	0.4989999263070036	-0.016341119549722175	0.01855681513708107	0.7554122412020339	0.008203275853510385	-0.0036278368348346213	0.531166120072715	-0.017569071789024972
